school_name,address,postal_code,mrt_desc,dgp_code,zone_code,mainlevel_code
CANTONMENT PRIMARY SCHOOL,1    Cantonment Close,088256,Tanjong Pagar Outram Park,BUKIT MERAH,SOUTH,PRIMARY
CHIJ ST. THERESA'S CONVENT,160  LOWER DELTA ROAD,099138,"HARBOURFRONT MRT, TIONG BAHRU MRT",BUKIT MERAH,SOUTH,SECONDARY
CHIJ (KELLOCK),1    Bukit Teresa Road,099757,Outram Park Station,BUKIT MERAH,SOUTH,PRIMARY
RADIN MAS PRIMARY SCHOOL,1    BUKIT PURMEI AVENUE,099840,Tiong Bahru MRT HarbourFront MRT,BUKIT MERAH,SOUTH,PRIMARY
BLANGAH RISE PRIMARY SCHOOL,91   TELOK BLANGAH HEIGHTS,109100,"Telok Blangah, Tiong Bahru & Redhill",BUKIT MERAH,SOUTH,PRIMARY
KENT RIDGE SECONDARY SCHOOL,147  WEST COAST ROAD,127368,"CLEMENTI MRT, HAW PAR VILLA MRT",CLEMENTI,SOUTH,SECONDARY
TANGLIN SECONDARY SCHOOL,301  WEST COAST ROAD,127391,CLEMENTI MRT,CLEMENTI,SOUTH,SECONDARY
QIFA PRIMARY SCHOOL,50   WEST COAST AVENUE,128104,Clementi MRT Station,CLEMENTI,WEST,PRIMARY
NAN HUA PRIMARY SCHOOL,30   Jalan Lempeng,128806,Clementi MRT Station,CLEMENTI,WEST,PRIMARY
PEI TONG PRIMARY SCHOOL,15   CLEMENTI AVENUE 5,129857,Clementi,CLEMENTI,SOUTH,PRIMARY
CLEMENTI PRIMARY SCHOOL,8    CLEMENTI AVE 3,129903,Clementi MRT Station,CLEMENTI,WEST,PRIMARY
CLEMENTI TOWN SECONDARY SCHOOL,10   CLEMENTI AVE 3,129904,CLEMENTI MRT,CLEMENTI,WEST,SECONDARY
NAN HUA HIGH SCHOOL,41   CLEMENTI AVENUE 1,129956,CLEMENTI MRT,CLEMENTI,WEST,SECONDARY
NUS HIGH SCHOOL OF MATHEMATICS AND SCIENCE,20   Clementi Avenue 1,129957,Nearest MRT Stations - Clementi and Dover,CLEMENTI,WEST,MIXED LEVELS
"SCHOOL OF SCIENCE AND TECHNOLOGY, SINGAPORE",1    Technology Drive,138572,Dover,CLEMENTI,WEST,SECONDARY
FAIRFIELD METHODIST SCHOOL (PRIMARY),100  DOVER ROAD,139648,"One-North MRT, Buona Vista MRT & Dover MRT",QUEENSTOWN,SOUTH,PRIMARY
FAIRFIELD METHODIST SCHOOL (SECONDARY),102  DOVER ROAD,139649,"BUONA VISTA MRT, ONE-NORTH MRT",QUEENSTOWN,SOUTH,SECONDARY
ANGLO-CHINESE SCHOOL (INDEPENDENT),121  DOVER ROAD,139650,"DOVER MRT, BUONA VISTA MRT, ONE-NORTH MRT",QUEENSTOWN,SOUTH,MIXED LEVELS
NEW TOWN SECONDARY SCHOOL,1020 DOVER ROAD,139657,"DOVER MRT, CLEMENTI MRT",QUEENSTOWN,WEST,SECONDARY
ANGLO-CHINESE JUNIOR COLLEGE,25   DOVER CLOSE EAST,139745,Buona Vista,QUEENSTOWN,WEST,JUNIOR COLLEGE
QUEENSTOWN SECONDARY SCHOOL,1    STRATHMORE ROAD,148800,"REDHILL MRT, QUEENSTOWN MRT",QUEENSTOWN,SOUTH,SECONDARY
NEW TOWN PRIMARY SCHOOL,300  Tanglin Halt Road,148812,Commonwealth MRT Station,QUEENSTOWN,SOUTH,PRIMARY
QUEENSWAY SECONDARY SCHOOL,2A   MARGARET DRIVE,149295,"COMMONWEALTH MRT, QUEENSTOWN MRT",QUEENSTOWN,SOUTH,SECONDARY
QUEENSTOWN PRIMARY SCHOOL,310  MARGARET DR,149303,Queenstown MRT,QUEENSTOWN,SOUTH,PRIMARY
GAN ENG SENG PRIMARY SCHOOL,100  REDHILL CLOSE,158901,Redhill,BUKIT MERAH,SOUTH,PRIMARY
ALEXANDRA PRIMARY SCHOOL,2A   Prince Charles Crescent,159016,Redhill Station  Tiong Bahru Station,BUKIT MERAH,SOUTH,PRIMARY
BUKIT MERAH SECONDARY SCHOOL,10   LENGKOK BAHRU,159050,REDHILL MRT,BUKIT MERAH,SOUTH,SECONDARY
GAN ENG SENG SCHOOL,1    HENDERSON ROAD,159561,"REDHILL MRT, TIONG BAHRU MRT",BUKIT MERAH,SOUTH,SECONDARY
OUTRAM SECONDARY SCHOOL,3    YORK HILL,168622,"OUTRAM PARK MRT, CHINATOWN MRT",CENTRAL,SOUTH,SECONDARY
ZHANGDE PRIMARY SCHOOL,51   Jalan Membina,169485,Tiong Bahru MRT Station,BUKIT MERAH,SOUTH,PRIMARY
STAMFORD PRIMARY SCHOOL,1    VICTORIA LANE,198423,"Bugis MRT Station, Jalan Besar MRT Station",CENTRAL,SOUTH,PRIMARY
FARRER PARK PRIMARY SCHOOL,2    FARRER PARK ROAD,217567,Farrer Park MRT Station,KALLANG,SOUTH,PRIMARY
"SCHOOL OF THE ARTS, SINGAPORE",1    Zubir Said Drive,227968,Dhoby Ghaut,CENTRAL,SOUTH,MIXED LEVELS
ANGLO-CHINESE SCHOOL (JUNIOR),16   WINSTEDT ROAD,227988,Newton MRT Station,CENTRAL,SOUTH,PRIMARY
RIVER VALLEY PRIMARY SCHOOL,2    RIVER VALLEY GREEN,237993,Somerset MRT,CENTRAL,SOUTH,PRIMARY
CRESCENT GIRLS' SCHOOL,357  TANGLIN ROAD,247961,REDHILL MRT,BUKIT MERAH,SOUTH,SECONDARY
ST. MARGARET'S SECONDARY SCHOOL,111  FARRER ROAD,259240,FARRER ROAD MRT,BUKIT TIMAH,SOUTH,SECONDARY
NANYANG PRIMARY SCHOOL,52   KING'S ROAD,268097,Farrer Rd MRT Station,BUKIT TIMAH,WEST,PRIMARY
HWA CHONG INSTITUTION,661  BUKIT TIMAH ROAD,269734,TAN KAH KEE MRT,BUKIT TIMAH,WEST,MIXED LEVELS
HENRY PARK PRIMARY SCHOOL,1    HOLLAND GROVE ROAD,278790,"Buona Vista MRT, Clementi MRT",BUKIT TIMAH,WEST,PRIMARY
NANYANG GIRLS' HIGH SCHOOL,2    LINDEN DRIVE,288683,"SIXTH AVENUE MRT, TAN KAH KEE MRT",BUKIT TIMAH,WEST,SECONDARY
NATIONAL JUNIOR COLLEGE,37   HILLCREST ROAD,288913,"BOTANIC GARDENS MRT, TAN KAH KEE MRT, SIXTH AVENUE MRT",BUKIT TIMAH,SOUTH,MIXED LEVELS
RAFFLES GIRLS' PRIMARY SCHOOL,21   Hillcrest Road,289072,TAN KAH KEE MRT STATION,BUKIT TIMAH,SOUTH,PRIMARY
MARYMOUNT CONVENT SCHOOL,20   Marymount Road,297754,Braddell MRT Station or  Caldecott MRT Station,TOA PAYOH,SOUTH,PRIMARY
CATHOLIC JUNIOR COLLEGE,129  WHITLEY ROAD,297822,"Toa Payoh (NS Line),  Novena (NS Line),  Stevens (DT Line),  Caldecott (CC Line,TE Line)",NOVENA,SOUTH,JUNIOR COLLEGE
ST. JOSEPH'S INSTITUTION,38   MALCOLM ROAD,308274,STEVENS MRT,NOVENA,SOUTH,PRIMARY
ST. JOSEPH'S INSTITUTION JUNIOR,3    ESSEX ROAD,309331,Novena,NOVENA,SOUTH,PRIMARY
SINGAPORE CHINESE GIRLS' PRIMARY SCHOOL,190  DUNEARN ROAD,309437,Stevens,NOVENA,NORTH,PRIMARY
SINGAPORE CHINESE GIRLS' SCHOOL,190  DUNEARN ROAD,309437,STEVENS MRT,NOVENA,NORTH,SECONDARY
ANGLO-CHINESE SCHOOL (PRIMARY),50   BARKER ROAD,309918,Newton MRT Station,NOVENA,SOUTH,PRIMARY
ANGLO-CHINESE SCHOOL (BARKER ROAD),60   BARKER ROAD,309919,"NEWTON MRT, STEVENS MRT",NOVENA,SOUTH,SECONDARY
RAFFLES GIRLS' SCHOOL (SECONDARY),2    BRADDELL RISE,318871,"BRADDELL MRT, CALDECOTT MRT",CENTRAL,SOUTH,SECONDARY
BEATTY SECONDARY SCHOOL,1    TOA PAYOH NORTH,318990,"BRADDELL MRT, TOA PAYOH MRT",TOA PAYOH,SOUTH,SECONDARY
FIRST TOA PAYOH PRIMARY SCHOOL,7    LORONG 8 TOA PAYOH,319252,Braddell & Toa Payoh Stations,TOA PAYOH,SOUTH,PRIMARY
PEI CHUN PUBLIC SCHOOL,16   LORONG 7 TOA PAYOH,319320,Toa Payoh MRT Station and Braddell MRT Station,TOA PAYOH,SOUTH,PRIMARY
KHENG CHENG SCHOOL,15   LORONG 3 TOA PAYOH,319580,Braddell,TOA PAYOH,SOUTH,PRIMARY
CHIJ SECONDARY (TOA PAYOH),626  LORONG 1 TOA PAYOH,319764,TOA PAYOH MRT,TOA PAYOH,SOUTH,SECONDARY
CHIJ PRIMARY (TOA PAYOH),628  Lorong 1 Toa Payoh,319765,Toa Payoh,TOA PAYOH,SOUTH,PRIMARY
HONG WEN SCHOOL,30   TOWNER ROAD,327829,Boon Keng MRT,KALLANG,SOUTH,PRIMARY
NORTHLIGHT SCHOOL,151  Towner Road,327830,BOON KENG (NE9),KALLANG,SOUTH,SECONDARY
BENDEMEER SECONDARY SCHOOL,1    ST WILFRED ROAD,327919,BOON KENG MRT,KALLANG,SOUTH,SECONDARY
BENDEMEER PRIMARY SCHOOL,91   BENDEMEER ROAD,339948,"Boon Keng, Kallang",KALLANG,SOUTH,PRIMARY
CEDAR GIRLS' SECONDARY SCHOOL,1    CEDAR AVENUE,349692,"WOODLEIGH MRT, POTONG PASIR MRT, MATTAR MRT",TOA PAYOH,EAST,SECONDARY
CEDAR PRIMARY SCHOOL,15   CEDAR AVENUE,349700,Potong Pasir MRT Station,TOA PAYOH,SOUTH,PRIMARY
ST. ANDREW'S JUNIOR COLLEGE,5    Sorby Adams Drive,357691,Potong Pasir NE10,TOA PAYOH,SOUTH,JUNIOR COLLEGE
ST. ANDREW'S JUNIOR SCHOOL,2    FRANCIS THOMAS DRIVE,359337,"Potong Pasir,Toa Payoh",TOA PAYOH,SOUTH,PRIMARY
ST. ANDREW'S SECONDARY SCHOOL,15   FRANCIS THOMAS DRIVE,359342,POTONG PASIR MRT,TOA PAYOH,SOUTH,SECONDARY
MARIS STELLA HIGH SCHOOL,25   MOUNT VERNON ROAD,368051,BARTLEY MRT,TOA PAYOH,NORTH,PRIMARY
CANOSSA CATHOLIC PRIMARY SCHOOL,1    Sallim Road,387621,Nearest MRT station: Mattar Station (about 7-minute walk),GEYLANG,EAST,PRIMARY
ST. MARGARET'S PRIMARY SCHOOL,2    Mattar Road,387724,Mattar MRT Station (DT25),CENTRAL,SOUTH,PRIMARY
GEYLANG METHODIST SCHOOL (SECONDARY),2    GEYLANG EAST CENTRAL,389705,ALJUNIED MRT,GEYLANG,EAST,SECONDARY
GEYLANG METHODIST SCHOOL (PRIMARY),4    Geylang East Central,389706,Aljunied,GEYLANG,EAST,PRIMARY
KONG HWA SCHOOL,350  GUILLEMARD ROAD,399772,Dakota,GEYLANG,EAST,PRIMARY
BROADRICK SECONDARY SCHOOL,61   DAKOTA CRESCENT,399935,DAKOTA MRT,GEYLANG,EAST,SECONDARY
MAHA BODHI SCHOOL,10   UBI AVENUE 1,408931,"Eunos Station (Transfer Bus No.63, 63M) Ubi Station (Transfer Bus No. 137)",GEYLANG,EAST,PRIMARY
MANJUSRI SECONDARY SCHOOL,20   UBI AVENUE 1,408940,"UBI MRT, MACPHERSON MRT",GEYLANG,EAST,SECONDARY
EUNOS PRIMARY SCHOOL,95   JALAN EUNOS,419529,Nearest MRT Station - Eunos,GEYLANG,EAST,PRIMARY
CHIJ (KATONG) PRIMARY,17   MARTIA ROAD,424821,EUNOS PAYA LEBAR,BEDOK,EAST,PRIMARY
HAIG GIRLS' SCHOOL,51   Koon Seng Road,427072,"Eunos, Dakota",GEYLANG,EAST,PRIMARY
ST. PATRICK'S SCHOOL,490  EAST COAST ROAD,429058,KEMBANGAN MRT,BEDOK,EAST,SECONDARY
DUNMAN HIGH SCHOOL,10   TANJONG RHU ROAD,436895,"ALJUNIED MRT, KALLANG MRT, MOUNTBATTEN MRT",KALLANG,EAST,MIXED LEVELS
TANJONG KATONG PRIMARY SCHOOL,10   Seraya Road,437259,na,MARINE PARADE,EAST,PRIMARY
TANJONG KATONG SECONDARY SCHOOL,130  HAIG ROAD,438796,"PAYA LEBAR MRT, DAKOTA MRT",MARINE PARADE,EAST,SECONDARY
CHUNG CHENG HIGH SCHOOL (MAIN),50   GOODMAN ROAD,439012,DAKOTA MRT,MARINE PARADE,EAST,SECONDARY
TANJONG KATONG GIRLS' SCHOOL,20   Dunman Lane,439272,"PAYA LEBAR MRT, DAKOTA MRT",MARINE PARADE,EAST,SECONDARY
VICTORIA SCHOOL,2    SIGLAP LINK,448880,"BEDOK MRT, PAYA LEBAR MRT",BEDOK,EAST,SECONDARY
VICTORIA JUNIOR COLLEGE,20   MARINE VISTA,449035,"Nearest MRT Stations:  Kembangan, Eunos",BEDOK,EAST,JUNIOR COLLEGE
NGEE ANN PRIMARY SCHOOL,344  MARINE TERRACE,449149,Nil,MARINE PARADE,EAST,PRIMARY
CHIJ KATONG CONVENT,346  MARINE TERRACE,449150,"BEDOK MRT, KEMBANGAN MRT, EUNOS MRT, PAYA LEBAR MRT",MARINE PARADE,EAST,SECONDARY
TAO NAN SCHOOL,49   MARINE CRESCENT,449761,"Paya Lebar, Eunos",MARINE PARADE,EAST,PRIMARY
ST. STEPHEN'S SCHOOL,20   SIGLAP VIEW,455789,Kembangan MRT Station,BEDOK,EAST,PRIMARY
OPERA ESTATE PRIMARY SCHOOL,48   FIDELIO STREET,458436,"Bedok, Kembangan",BEDOK,EAST,PRIMARY
TEMASEK SECONDARY SCHOOL,600  UPPER EAST COAST ROAD,465561,"BEDOK MRT, TANAH MERAH MRT",BEDOK,EAST,SECONDARY
BEDOK SOUTH SECONDARY SCHOOL,1    JALAN LANGGAR BEDOK,468585,TANAH MERAH MRT,BEDOK,EAST,SECONDARY
PING YI SECONDARY SCHOOL,61   CHAI CHEE STREET,468980,BEDOK MRT,BEDOK,EAST,SECONDARY
TEMASEK JUNIOR COLLEGE,22   BEDOK SOUTH ROAD,469278,BEDOK MRT,BEDOK,EAST,MIXED LEVELS
BEDOK VIEW SECONDARY SCHOOL,6    BEDOK SOUTH AVENUE 3,469293,TANAH MERAH MRT,BEDOK,EAST,SECONDARY
TEMASEK PRIMARY SCHOOL,501  BEDOK SOUTH AVE 3,469300,Tanah Merah MRT,BEDOK,EAST,PRIMARY
BEDOK GREEN PRIMARY SCHOOL,1    BEDOK SOUTH AVE 2,469317,"Bedok MRT Station, Tanah Merah MRT Station",BEDOK,EAST,PRIMARY
YU NENG PRIMARY SCHOOL,56   BEDOK NORTH ST 3,469623,"Bedok MRT Station (East-West Line), Bedok Reservoir MRT STation (Downtown line)",BEDOK,EAST,PRIMARY
FENGSHAN PRIMARY SCHOOL,307  BEDOK NORTH ROAD,469680,Bedok MRT,BEDOK,EAST,PRIMARY
ST. ANTHONY'S CANOSSIAN SECONDARY SCHOOL,1600 BEDOK NORTH AVENUE 4,469700,"BEDOK MRT, BEDOK RESERVOIR MRT",BEDOK,EAST,SECONDARY
ST. ANTHONY'S CANOSSIAN PRIMARY SCHOOL,1602 BEDOK NORTH AVE 4,469701,Bedok MRT,BEDOK,EAST,PRIMARY
RED SWASTIKA SCHOOL,350  BEDOK NORTH AVENUE 3,469719,Bedok Reservoir MRT,BEDOK,EAST,PRIMARY
BEDOK GREEN SECONDARY SCHOOL,360  BEDOK NORTH AVE 3,469722,"BEDOK MRT, BEDOK RESERVOIR MRT",BEDOK,EAST,SECONDARY
DAMAI PRIMARY SCHOOL,52   BEDOK RESERVOIR CRESCENT,479226,Bedok North MRT Station,BEDOK,EAST,PRIMARY
DAMAI SECONDARY SCHOOL,4800 BEDOK RESERVOIR ROAD,479229,"BEDOK RESERVOIR MRT, BEDOK MRT, TAMPINES MRT",BEDOK,EAST,SECONDARY
TELOK KURAU PRIMARY SCHOOL,50   BEDOK RESERVOIR RD,479239,Kaki Bukit MRT (nearest),BEDOK,EAST,PRIMARY
ANGLICAN HIGH SCHOOL,600  UPPER CHANGI ROAD,487012,TANAH MERAH MRT,BEDOK,EAST,SECONDARY
MERIDIAN PRIMARY SCHOOL,20   PASIR RIS ST 71,518798,Pasir Ris MRT Station,PASIR RIS,EAST,PRIMARY
TAMPINES MERIDIAN JUNIOR COLLEGE,21   Pasir Ris Street 71,518799,Pasir Ris MRT Station,PASIR RIS,EAST,JUNIOR COLLEGE
ELIAS PARK PRIMARY SCHOOL,11   PASIR RIS STREET 52,518866,Pasir Ris MRT,PASIR RIS,EAST,PRIMARY
MERIDIAN SECONDARY SCHOOL,31   PASIR RIS STREET 51,518901,PASIR RIS MRT,PASIR RIS,EAST,SECONDARY
PASIR RIS CREST SECONDARY SCHOOL,11   PASIR RIS STREET 41,518934,PASIR RIS MRT,PASIR RIS,EAST,SECONDARY
CASUARINA PRIMARY SCHOOL,30   PASIR RIS ST 41,518935,Pasir Ris MRT Station,PASIR RIS,EAST,PRIMARY
PASIR RIS PRIMARY SCHOOL,5    PASIR RIS STREET 21,518968,Pasir Ris MRT,PASIR RIS,EAST,PRIMARY
LOYANG VIEW SECONDARY SCHOOL,12   PASIR RIS STREET 11,519073,PASIR RIS MRT,PASIR RIS,EAST,SECONDARY
WHITE SANDS PRIMARY SCHOOL,2    PASIR RIS ST 11,519075,Pasir Ris MRT Station,PASIR RIS,EAST,PRIMARY
HAI SING CATHOLIC SCHOOL,9    PASIR RIS DRIVE 6,519421,PASIR RIS MRT,PASIR RIS,EAST,SECONDARY
PARK VIEW PRIMARY SCHOOL,60   PASIR RIS DRIVE 1,519524,Pasir Ris MRT Station,PASIR RIS,EAST,PRIMARY
JUNYUAN PRIMARY SCHOOL,2    Tampines Street 91,528906,Tampines West (Downtown Line); Tampines (East-West Line),TAMPINES,EAST,PRIMARY
JUNYUAN SECONDARY SCHOOL,11   TAMPINES STREET 84,528933,"TAMPINES MRT, TAMPINES WEST MRT",TAMPINES,EAST,SECONDARY
ST. HILDA'S SECONDARY SCHOOL,2    TAMPINES STREET 82,528986,"TAMPINES MRT, TAMPINES WEST MRT",TAMPINES,EAST,SECONDARY
POI CHING SCHOOL,21   TAMPINES STREET 71,529067,Tampines MRT,TAMPINES,EAST,PRIMARY
DUNMAN SECONDARY SCHOOL,21   TAMPINES STREET 45,529093,TAMPINES EAST MRT,TAMPINES,EAST,SECONDARY
GONGSHANG PRIMARY SCHOOL,1    TAMPINES STREET 42,529176,Tampines (Downtown Line and East West Line) and Tampines East (Downtown Line),TAMPINES,EAST,PRIMARY
EAST SPRING SECONDARY SCHOOL,30   TAMPINES STREET 34,529231,"TAMPINES MRT, TAMPINES EAST MRT",TAMPINES,EAST,SECONDARY
EAST SPRING PRIMARY SCHOOL,31   TAMPINES ST 33,529258,Tampines,TAMPINES,EAST,PRIMARY
NGEE ANN SECONDARY SCHOOL,1    TAMPINES STREET 32,529283,"TAMPINES MRT, SIMEI MRT, TAMPINES EAST MRT",TAMPINES,EAST,SECONDARY
ANGSANA PRIMARY SCHOOL,3    Tampines Street 22,529366,Tampines and Simei Stations,TAMPINES,EAST,PRIMARY
CHONGZHENG PRIMARY SCHOOL,1    TAMPINES STREET 21,529392,Tampines MRT Station,TAMPINES,EAST,PRIMARY
YUMIN PRIMARY SCHOOL,3    TAMPINES STREET 21,529393,Tampines MRT Station,TAMPINES,EAST,PRIMARY
PASIR RIS SECONDARY SCHOOL,390  TAMPINES STREET 21,529400,"TAMPINES MRT, TAMPINES EAST MRT,  TAMPINES WEST MRT",TAMPINES,EAST,SECONDARY
TAMPINES PRIMARY SCHOOL,250  TAMPINES STREET 12,529426,Tampines MRT,TAMPINES,EAST,PRIMARY
TAMPINES SECONDARY SCHOOL,252  TAMPINES ST 12,529427,TAMPINES MRT,TAMPINES,EAST,SECONDARY
TAMPINES NORTH PRIMARY SCHOOL,30   TAMPINES AVENUE 9,529565,Tampines MRT,TAMPINES,EAST,PRIMARY
SPRINGFIELD SECONDARY SCHOOL,30   TAMPINES AVENUE 8,529593,"TAMPINES MRT, TAMPINES WEST MRT",TAMPINES,EAST,SECONDARY
ST. HILDA'S PRIMARY SCHOOL,2    Tampines Ave 3,529706,"Tampines West, Tampines Central",TAMPINES,EAST,PRIMARY
CHANGKAT CHANGI SECONDARY SCHOOL,23   SIMEI ST 3,529894,SIMEI MRT,TAMPINES,EAST,SECONDARY
CHANGKAT PRIMARY SCHOOL,11   SIMEI ST 3,529896,Simei MRT Station,TAMPINES,EAST,PRIMARY
SERANGOON SECONDARY SCHOOL,11   UPPER SERANGOON VIEW,534237,"HOUGANG MRT, KANGKAR LRT",HOUGANG,NORTH,SECONDARY
HOUGANG PRIMARY SCHOOL,1    HOUGANG ST 93,534238,"Ang Mo Kio, Buangkok, Hougang, Sengkang, Yio Chu Kang",HOUGANG,NORTH,PRIMARY
HOUGANG SECONDARY SCHOOL,2    HOUGANG STREET 93,534256,"HOUGANG MRT, BUANGKOK MRT",HOUGANG,NORTH,SECONDARY
HOLY INNOCENTS' HIGH SCHOOL,1191 UPPER SERANGOON ROAD,534786,HOUGANG MRT,HOUGANG,SOUTH,SECONDARY
CHIJ OUR LADY OF THE NATIVITY,1257 UPPER SERANGOON ROAD,534793,Hougang MRT,HOUGANG,SOUTH,PRIMARY
HOLY INNOCENTS' PRIMARY SCHOOL,5    Lorong Low Koon,536451,2km walk to Hougang MRT,HOUGANG,SOUTH,PRIMARY
PAYA LEBAR METHODIST GIRLS' SCHOOL (PRIMARY),298  LORONG AH SOO,536741,"Kovan (NE13), Serangoon(NE12/CC13)",HOUGANG,EAST,PRIMARY
PAYA LEBAR METHODIST GIRLS' SCHOOL (SECONDARY),296  LOR AH SOO,536742,"KOVAN MRT, SERANGOON MRT",HOUGANG,EAST,SECONDARY
BARTLEY SECONDARY SCHOOL,10   JALAN BUNGA RAMPAI,538403,"BARTLEY MRT, TAI SENG MRT",TOA PAYOH,SOUTH,SECONDARY
YIO CHU KANG PRIMARY SCHOOL,1    HOUGANG STREET 51,538720,Hougang MRT Station Yio Chu Kang MRT Station,HOUGANG,NORTH,PRIMARY
XINMIN PRIMARY SCHOOL,9    HOUGANG AVENUE 8,538784,Nil,HOUGANG,NORTH,PRIMARY
MONTFORT SECONDARY SCHOOL,50   HOUGANG AVENUE 8,538785,HOUGANG MRT,HOUGANG,NORTH,SECONDARY
MONTFORT JUNIOR SCHOOL,52   HOUGANG AVENUE 8,538786,Hougang MRT & Bus Interchange,HOUGANG,NORTH,PRIMARY
PUNGGOL PRIMARY SCHOOL,61   HOUGANG AVENUE 8,538787,"Hougang, Buangkok",HOUGANG,SOUTH,PRIMARY
XINMIN SECONDARY SCHOOL,11   HOUGANG AVENUE 8,538789,HOUGANG MRT,HOUGANG,NORTH,SECONDARY
XINGHUA PRIMARY SCHOOL,45   HOUGANG AVENUE 1,538882,Kovan MRT Station,HOUGANG,SOUTH,PRIMARY
YUYING SECONDARY SCHOOL,47   HOUGANG AVENUE 1,538884,"KOVAN MRT, SERANGOON MRT, HOUGANG MRT",HOUGANG,SOUTH,SECONDARY
SPRINGDALE PRIMARY SCHOOL,71   Anchorvale Link,544799,Sengkang Station (NE16)  Nearest LRT station: Farmway  *10-15 min walk from either station,SENG KANG,EAST,PRIMARY
PALM VIEW PRIMARY SCHOOL,150  Compassvale Bow,544822,Buangkok,SENG KANG,NORTH,PRIMARY
ANCHOR GREEN PRIMARY SCHOOL,31   Anchorvale Drive,544969,MRT : NE16-Sengkang LRT : SW7-TongKang,SENG KANG,NORTH,PRIMARY
NORTH VISTA PRIMARY SCHOOL,20   Compassvale Link,544974,"Buangkok MRT (NE15), Ranggung LRT (SE5)",SENG KANG,NORTH,PRIMARY
NAN CHIAU HIGH SCHOOL,20   ANCHORVALE LINK,545079,"SENGKANG MRT, RENJONG LRT, TONGKANG LRT",SENG KANG,NORTH,SECONDARY
NAN CHIAU PRIMARY SCHOOL,50   ANCHORVALE LINK,545080,Sengkang Station,SENG KANG,NORTH,PRIMARY
NORTH VISTA SECONDARY SCHOOL,11   RIVERVALE LINK,545081,"SENGKANG MRT, BUANGKOK MRT, RANGGUNG LRT",SENG KANG,NORTH,SECONDARY
COMPASSVALE SECONDARY SCHOOL,51   COMPASSVALE CRESCENT,545083,"SENGKANG MRT, COMPASSVALE LRT",SENG KANG,NORTH,SECONDARY
NORTH SPRING PRIMARY SCHOOL,1    RIVERVALE STREET,545088,NEL - Sengkang Station LRT - Bakau Station,SENG KANG,NORTH,PRIMARY
SENG KANG SECONDARY SCHOOL,10   COMPASSVALE LANE,545090,"SENGKANG MRT, RANGGUNG LRT",SENG KANG,NORTH,SECONDARY
COMPASSVALE PRIMARY SCHOOL,21   COMPASSVALE ST,545091,Sengkang,SENG KANG,NORTH,PRIMARY
RIVERVALE PRIMARY SCHOOL,80   RIVERVALE DRIVE,545092,Nearest LRT Station : Rumbia,SENG KANG,NORTH,PRIMARY
SENG KANG PRIMARY SCHOOL,21   COMPASSVALE WALK,545166,Sengkang MRT,SENG KANG,NORTH,PRIMARY
BOWEN SECONDARY SCHOOL,2    LORONG NAPIRI,547529,"HOUGANG MRT, SERANGOON MRT, SENGKANG MRT",HOUGANG,NORTH,SECONDARY
CHIJ ST. JOSEPH'S CONVENT,62   SENGKANG EAST WAY,548595,SENGKANG MRT,SENG KANG,NORTH,SECONDARY
ROSYTH SCHOOL,21   Serangoon North Avenue 4,555855,"Ang Mo Kio, Serangoon",SERANGOON,NORTH,PRIMARY
SERANGOON GARDEN SECONDARY SCHOOL,21   SERANGOON NORTH AVENUE 1,555889,"SERANGOON MRT, ANG MO KIO MRT",SERANGOON,SOUTH,SECONDARY
PEICAI SECONDARY SCHOOL,10   SERANGOON AVENUE 4,556094,SERANGOON MRT,SERANGOON,SOUTH,SECONDARY
ZHONGHUA PRIMARY SCHOOL,12   SERANGOON AVENUE 4,556095,"Ang Mo Kio MRT, Bishan MRT, Serangoon MRT",SERANGOON,SOUTH,PRIMARY
YANGZHENG PRIMARY SCHOOL,15   SERANGOON AVENUE 3,556108,Serangoon Station,SERANGOON,SOUTH,PRIMARY
NANYANG JUNIOR COLLEGE,128  SERANGOON AVENUE 3,556111,2-minute walk from the Lorong Chuan MRT Station (Circle Line),SERANGOON,SOUTH,JUNIOR COLLEGE
ZHONGHUA SECONDARY SCHOOL,13   SERANGOON AVENUE 3,556123,SERANGOON MRT,SERANGOON,SOUTH,SECONDARY
ST. GABRIEL'S SECONDARY SCHOOL,24   SERANGOON AVENUE 1,556140,SERANGOON MRT,SERANGOON,SOUTH,SECONDARY
ST. GABRIEL'S PRIMARY SCHOOL,220  Lorong Chuan,556742,Lor Chuan MRT Station (Circle Line),SERANGOON,SOUTH,PRIMARY
CHIJ OUR LADY OF GOOD COUNSEL,2C   Burghley Drive,558979,"Ang Mo Kio MRT, Bishan MRT, Serangoon MRT station.",SERANGOON,SOUTH,PRIMARY
ANDERSON SECONDARY SCHOOL,10   ANG MO KIO STREET 53,569206,"ANG MO KIO MRT, YIO CHU KANG MRT",ANG MO KIO,NORTH,SECONDARY
JING SHAN PRIMARY SCHOOL,5    ANG MO KIO ST 52,569228,Ang Mo Kio MRT,ANG MO KIO,SOUTH,PRIMARY
DEYI SECONDARY SCHOOL,1    ANG MO KIO STREET 42,569277,ANG MO KIO MRT,ANG MO KIO,SOUTH,SECONDARY
TECK GHEE PRIMARY SCHOOL,1    ANG MO KIO STREET 32,569299,Ang Mo Kio & Bishan,ANG MO KIO,SOUTH,PRIMARY
ANG MO KIO SECONDARY SCHOOL,6    ANG MO KIO STREET 22,569362,ANG MO KIO MRT,ANG MO KIO,SOUTH,SECONDARY
MAYFLOWER SECONDARY SCHOOL,2    ANG MO KIO STREET 21,569384,"ANG MO KIO MRT, MAYFLOWER MRT (Targeted to open in 2020)",ANG MO KIO,SOUTH,SECONDARY
CHIJ ST. NICHOLAS GIRLS' SCHOOL,501  ANG MO KIO STREET 13,569405,"ANG MO KIO MRT, YIO CHU KANG MRT, MAYFLOWER MRT (End 2021)",ANG MO KIO,NORTH,PRIMARY
TOWNSVILLE PRIMARY SCHOOL,3    ANG MO KIO AVE 10,569730,"Bishan MRT, Ang Mo Kio MRT Stations",ANG MO KIO,SOUTH,PRIMARY
ANDERSON PRIMARY SCHOOL,19   ANG MO KIO AVE 9,569785,Yio Chu Kang MRT Station,ANG MO KIO,NORTH,PRIMARY
ANDERSON SERANGOON JUNIOR COLLEGE,4500 ANG MO KIO AVENUE 6,569843,Yio Chu Kang MRT Station,ANG MO KIO,NORTH,JUNIOR COLLEGE
PRESBYTERIAN HIGH SCHOOL,5209 ANG MO KIO AVENUE 6,569845,YIO CHU KANG MRT,ANG MO KIO,SOUTH,SECONDARY
YIO CHU KANG SECONDARY SCHOOL,3063 ANG MO KIO AVENUE 5,569868,YIO CHU KANG MRT,ANG MO KIO,SOUTH,SECONDARY
ANG MO KIO PRIMARY SCHOOL,20   ANG MO KIO AVENUE 3,569920,Ang Mo Kio MRT Station,ANG MO KIO,SOUTH,PRIMARY
MAYFLOWER PRIMARY SCHOOL,6    Ang Mo Kio Avenue 2,569948,Yio Chu Kang MRT Station.,ANG MO KIO,SOUTH,PRIMARY
EUNOIA JUNIOR COLLEGE,2    Sin Ming Place,573838,"Bishan MRT Station, Marymount MRT Station, Ang Mo Kio MRT Station",BISHAN,NORTH,JUNIOR COLLEGE
PEIRCE SECONDARY SCHOOL,10   SIN MING WALK,575566,"ANG MO KIO MRT, BISHAN MRT, MARYMOUNT MRT, BRIGHT HILL MRT (target opening in Q3, 2021)",BISHAN,SOUTH,SECONDARY
RAFFLES INSTITUTION,1    RAFFLES INSTITUTION LANE,575954,"BISHAN MRT, MARYMOUNT MRT",BISHAN,SOUTH,MIXED LEVELS
AI TONG SCHOOL,100  Bright Hill Drive,579646,Bishan MRT,BISHAN,SOUTH,PRIMARY
WHITLEY SECONDARY SCHOOL,30   BISHAN STREET 24,579747,"BISHAN MRT, MARYMOUNT MRT",BISHAN,SOUTH,SECONDARY
CATHOLIC HIGH SCHOOL,9    BISHAN STREET 22,579767,BISHAN MRT,BISHAN,NORTH,PRIMARY
KUO CHUAN PRESBYTERIAN PRIMARY SCHOOL,8    BISHAN STREET 13,579793,Bishan MRT Station,BISHAN,SOUTH,PRIMARY
KUO CHUAN PRESBYTERIAN SECONDARY SCHOOL,10   BISHAN STREET 13,579795,BISHAN MRT,BISHAN,SOUTH,SECONDARY
GUANGYANG PRIMARY SCHOOL,6    Bishan Street 12,579806,Bishan MRT,BISHAN,SOUTH,PRIMARY
GUANGYANG SECONDARY SCHOOL,8    BISHAN STREET 12,579807,BISHAN MRT,BISHAN,SOUTH,SECONDARY
PEI HWA PRESBYTERIAN PRIMARY SCHOOL,7    PEI WAH AVENUE,597610,Beauty World,BUKIT TIMAH,WEST,PRIMARY
BUKIT TIMAH PRIMARY SCHOOL,111  Lorong Kismis,598112,"Beauty World, Bukit Batok and Clementi Stations",BUKIT TIMAH,WEST,PRIMARY
METHODIST GIRLS' SCHOOL (PRIMARY),11   Blackmore Drive,599986,King Albert Park MRT,BUKIT TIMAH,WEST,PRIMARY
METHODIST GIRLS' SCHOOL (SECONDARY),11   BLACKMORE DRIVE,599986,KING ALBERT PARK MRT,BUKIT TIMAH,WEST,SECONDARY
COMMONWEALTH SECONDARY SCHOOL,698  WEST COAST ROAD,608784,"JURONG EAST MRT, CLEMENTI MRT",JURONG EAST,WEST,SECONDARY
JURONG PRIMARY SCHOOL,320  JURONG EAST Street 32,609476,"Lakeside MRT Station, Jurong East MRT Station",JURONG EAST,WEST,PRIMARY
YUHUA PRIMARY SCHOOL,158  JURONG EAST STREET 24,609558,"Jurong East, Bukit Batok",JURONG EAST,WEST,PRIMARY
CREST SECONDARY SCHOOL,561  JURONG EAST STREET 24,609561,"BUKIT BATOK MRT, JURONG EAST MRT",JURONG EAST,WEST,SECONDARY
FUHUA PRIMARY SCHOOL,65   JURONG EAST STREET 13,609647,JURONG EAST MRT STATION,JURONG EAST,WEST,PRIMARY
JURONGVILLE SECONDARY SCHOOL,202  JURONG EAST AVENUE 1,609790,"JURONG EAST MRT, CHINESE GARDEN MRT",JURONG EAST,WEST,SECONDARY
LAKESIDE PRIMARY SCHOOL,161  Corporation Walk,618310,Lakeside MRT,JURONG WEST,WEST,PRIMARY
JURONG SECONDARY SCHOOL,31   YUAN CHING ROAD,618652,LAKESIDE MRT,JURONG WEST,WEST,SECONDARY
YUAN CHING SECONDARY SCHOOL,103  YUAN CHING ROAD,618654,LAKESIDE MRT,JURONG WEST,WEST,SECONDARY
FRONTIER PRIMARY SCHOOL,20   Jurong West Street 61,648200,Pioneer MRT Station (EW28),JURONG WEST,WEST,PRIMARY
CORPORATION PRIMARY SCHOOL,31   JURONG WEST STREET 24,648347,BOON LAY STATION LAKESIDE STATION,JURONG WEST,WEST,PRIMARY
JURONG WEST SECONDARY SCHOOL,61   JURONG WEST STREET 65,648348,"BOON LAY MRT, PIONEER MRT",JURONG WEST,WEST,SECONDARY
WESTWOOD SECONDARY SCHOOL,11   JURONG WEST STREET 25,648350,BOON LAY MRT,JURONG WEST,WEST,SECONDARY
BOON LAY SECONDARY SCHOOL,11   JURONG WEST STREET 65,648354,BOON LAY MRT,JURONG WEST,WEST,SECONDARY
JURONG WEST PRIMARY SCHOOL,30   JURONG WEST ST 61,648368,Pioneer MRT Station,JURONG WEST,WEST,PRIMARY
XINGNAN PRIMARY SCHOOL,5    JURONG WEST STREET 91,649036,Pioneer MRT Station,JURONG WEST,WEST,PRIMARY
JUYING PRIMARY SCHOOL,31   JURONG WEST STREET 91,649037,Boon Lay MRT Station (Jurong Point),JURONG WEST,WEST,PRIMARY
JUYING SECONDARY SCHOOL,33   JURONG WEST STREET 91,649038,"BOON LAY MRT, PIONEER MRT, JOO KOON MRT",JURONG WEST,WEST,SECONDARY
PIONEER PRIMARY SCHOOL,23   JURONG WEST STREET 81,649076,Boon Lay Station,JURONG WEST,WEST,PRIMARY
WESTWOOD PRIMARY SCHOOL,1    Jurong West Street 73,649188,Boon Lay MRT Station,JURONG WEST,WEST,PRIMARY
WEST GROVE PRIMARY SCHOOL,1    JURONG WEST ST 72,649223,Boon Lay MRT,JURONG WEST,WEST,PRIMARY
RULANG PRIMARY SCHOOL,6    JURONG WEST STREET 52,649295,Lakeside,JURONG WEST,WEST,PRIMARY
SHUQUN PRIMARY SCHOOL,8    JURONG WEST STREET 51,649332,W11 Lakeside,JURONG WEST,WEST,PRIMARY
HUA YI SECONDARY SCHOOL,60   JURONG WEST ST 42,649371,"LAKESIDE MRT, CHINESE GARDEN MRT",JURONG WEST,WEST,SECONDARY
YUHUA SECONDARY SCHOOL,35   JURONG WEST STREET 41,649406,LAKESIDE MRT,JURONG WEST,WEST,SECONDARY
FUHUA SECONDARY SCHOOL,5    JURONG WEST STREET 41,649410,"CHINESE GARDEN MRT, LAKESIDE MRT",JURONG WEST,WEST,SECONDARY
BOON LAY GARDEN PRIMARY SCHOOL,20   BOON LAY DRIVE,649930,Lakeside & Boon Lay,JURONG WEST,WEST,PRIMARY
RIVER VALLEY HIGH SCHOOL,6    BOON LAY AVENUE,649961,"BOON LAY MRT, LAKESIDE MRT",JURONG WEST,WEST,MIXED LEVELS
YUSOF ISHAK SECONDARY SCHOOL,11   BUKIT BATOK STREET 25,658712,BUKIT BATOK MRT,BUKIT BATOK,WEST,SECONDARY
BUKIT BATOK SECONDARY SCHOOL,50   BUKIT BATOK WEST AVE 8,658962,BUKIT BATOK MRT,BUKIT BATOK,WEST,SECONDARY
MILLENNIA INSTITUTE,60   Bukit Batok West Avenue 8,658965,Bukit Batok (NS 2),BUKIT BATOK,WEST,CENTRALISED INSTITUTE
PRINCESS ELIZABETH PRIMARY SCHOOL,30   BUKIT BATOK WEST AVENUE 3,659163,Bukit Batok MRT Station,BUKIT BATOK,WEST,PRIMARY
DUNEARN SECONDARY SCHOOL,21   BUKIT BATOK WEST AVENUE 2,659204,"BUKIT BATOK MRT, BUKIT GOMBAK MRT",BUKIT BATOK,WEST,SECONDARY
LIANHUA PRIMARY SCHOOL,2    BUKIT BATOK STREET 52,659243,Bukit Gombak/Bukit Batok,BUKIT BATOK,WEST,PRIMARY
HILLGROVE SECONDARY SCHOOL,10   BUKIT BATOK STREET 52,659250,"BUKIT BATOK MRT, BUKIT GOMBAK MRT",BUKIT BATOK,WEST,SECONDARY
SWISS COTTAGE SECONDARY SCHOOL,3    BUKIT BATOK STREET 34,659322,BUKIT GOMBAK MRT,BUKIT BATOK,WEST,SECONDARY
ST. ANTHONY'S PRIMARY SCHOOL,30   Bukit Batok St 32,659401,Bukit Gombak MRT Station,BUKIT BATOK,WEST,PRIMARY
DAZHONG PRIMARY SCHOOL,35   BUKIT BATOK STREET 31,659441,Bukit Gombak,BUKIT BATOK,WEST,PRIMARY
BUKIT VIEW SECONDARY SCHOOL,16   BUKIT BATOK STREET 21,659633,BUKIT BATOK MRT,BUKIT BATOK,WEST,SECONDARY
BUKIT VIEW PRIMARY SCHOOL,18   BUKIT BATOK STREET 21,659634,Bukit Batok MRT Station,BUKIT BATOK,WEST,PRIMARY
KEMING PRIMARY SCHOOL,90   BUKIT BATOK EAST AVENUE 6,659762,Bukit Batok,BUKIT BATOK,WEST,PRIMARY
WEST SPRING SECONDARY SCHOOL,61   SENJA  ROAD,677737,"JELAPANG LRT, SENJA LRT",BUKIT PANJANG,WEST,SECONDARY
ZHENGHUA SECONDARY SCHOOL,91   SENJA ROAD,677741,JELAPANG LRT,BUKIT PANJANG,WEST,SECONDARY
WEST VIEW PRIMARY SCHOOL,31   SENJA ROAD,677742,"Bukit Panjang MRT, SENJA LRT (A13)",BUKIT PANJANG,WEST,PRIMARY
GREENRIDGE PRIMARY SCHOOL,11   JELAPANG ROAD,677744,"Senja LRT station, Jelapang LRT Station",BUKIT PANJANG,WEST,PRIMARY
ASSUMPTION ENGLISH SCHOOL,622  UPPER BUKIT TIMAH ROAD,678117,CASHEW MRT,BUKIT PANJANG,WEST,SECONDARY
FAJAR SECONDARY SCHOOL,31   GANGSA ROAD,678972,"BUKIT PANJANG MRT, BUKIT PANJANG LRT, PETIR LRT",BUKIT PANJANG,WEST,SECONDARY
ZHENGHUA PRIMARY SCHOOL,9    Fajar Road,679002,LRT: Fajar Station,BUKIT PANJANG,WEST,PRIMARY
CHIJ OUR LADY QUEEN OF PEACE,4    Chestnut Drive,679287,Cashew and Hillview,BUKIT PANJANG,WEST,PRIMARY
BUKIT PANJANG PRIMARY SCHOOL,109  CASHEW ROAD,679676,From Pending LRT station to Choa Chu Kang MRT station,BUKIT PANJANG,WEST,PRIMARY
ASSUMPTION PATHWAY SCHOOL,30   Cashew Road,679697,"DOWNTOWN LINE 2, CASHEW MRT",BUKIT PANJANG,WEST,SECONDARY
GREENRIDGE SECONDARY SCHOOL,32   BUKIT PANJANG RING ROAD,679938,BANGKIT LRT,BUKIT PANJANG,WEST,SECONDARY
BEACON PRIMARY SCHOOL,36   Bukit Panjang Ring Road,679944,"Bangkit LRT, Fajar LRT Station",BUKIT PANJANG,WEST,PRIMARY
WEST SPRING PRIMARY SCHOOL,60   Bukit Panjang Ring Road,679946,Jelapang LRT,BUKIT PANJANG,WEST,PRIMARY
JURONG PIONEER JUNIOR COLLEGE,21   Teck Whye Walk,688258,Choa Chu Kang / Bt Panjang / Phoenix Station (LRT),CHOA CHU KANG,WEST,JUNIOR COLLEGE
TECK WHYE PRIMARY SCHOOL,11   TECK WHYE WALK,688261,Choa Chu Kang MRT & LRT,CHOA CHU KANG,WEST,PRIMARY
UNITY PRIMARY SCHOOL,21   CHOA CHU KANG CRESCENT,688268,Yew Tee MRT,CHOA CHU KANG,WEST,PRIMARY
CHUA CHU KANG SECONDARY SCHOOL,3    TECK WHYE CRESCENT,688845,CHOA CHU KANG MRT,CHOA CHU KANG,WEST,SECONDARY
TECK WHYE SECONDARY SCHOOL,31   TECK WHYE CRESCENT,688848,"CHUA CHU KANG MRT, PHOENIX LRT",CHOA CHU KANG,WEST,SECONDARY
YEW TEE PRIMARY SCHOOL,10   CHOA CHU KANG ST 64,689100,Yew Tee MRT Station,CHOA CHU KANG,WEST,PRIMARY
UNITY SECONDARY SCHOOL,20   CHOA CHU KANG STREET 62,689143,YEW TEE MRT,CHOA CHU KANG,WEST,SECONDARY
KRANJI PRIMARY SCHOOL,11   CHOA CHU KANG STREET 54,689189,Yew Tee MRT,CHOA CHU KANG,WEST,PRIMARY
DE LA SALLE SCHOOL,11   Choa Chu Kang St 52,689285,YEW TEE MRT,CHOA CHU KANG,WEST,PRIMARY
KRANJI SECONDARY SCHOOL,61   CHOA CHU KANG STREET 51,689333,"CHUA CHU KANG MRT, YEW TEE MRT",CHOA CHU KANG,WEST,SECONDARY
REGENT SECONDARY SCHOOL,50   CHOA CHU KANG NORTH 5,689621,"YEW TEE MRT, CHOA CHU KANG MRT",CHOA CHU KANG,WEST,SECONDARY
SOUTH VIEW PRIMARY SCHOOL,6    Choa Chu Kang Central,689762,Choa Chu Kang MRT Station,CHOA CHU KANG,WEST,PRIMARY
BUKIT PANJANG GOVT. HIGH SCHOOL,7    CHOA CHU KANG AVE 4,689809,CHOA CHU KANG MRT,CHOA CHU KANG,WEST,SECONDARY
CONCORD PRIMARY SCHOOL,3    CHOA CHU KANG AVE 4,689814,Choa Chu Kang MRT Station,CHOA CHU KANG,WEST,PRIMARY
CHUA CHU KANG PRIMARY SCHOOL,20   CHOA CHU KANG AVENUE 2,689905,Choa Chu Kang MRT Station and Southview LRT Station,CHOA CHU KANG,WEST,PRIMARY
SPECTRA SECONDARY SCHOOL,1    WOODLANDS DRIVE 64,737758,ADMIRALTY MRT,WOODLANDS,NORTH,SECONDARY
RIVERSIDE PRIMARY SCHOOL,110  Woodlands Crescent,737803,Admiralty MRT Station,WOODLANDS,NORTH,PRIMARY
INNOVA PRIMARY SCHOOL,80   Woodlands Drive 17,737888,Woodlands,WOODLANDS,NORTH,PRIMARY
SINGAPORE SPORTS SCHOOL,1    Champions Way,737913,Woodlands South MRT,WOODLANDS,NORTH,MIXED LEVELS
ADMIRALTY SECONDARY SCHOOL,31   WOODLANDS CRESCENT,737916,ADMIRALTY MRT,WOODLANDS,NORTH,SECONDARY
CHRIST CHURCH SECONDARY SCHOOL,20   WOODLANDS DRIVE 17,737924,"WOODLANDS MRT, WOODLANDS SOUTH MRT",WOODLANDS,NORTH,SECONDARY
GREENWOOD PRIMARY SCHOOL,11   WOODLANDS  DR  62,737942,Admiralty MRT Station,WOODLANDS,NORTH,PRIMARY
WOODGROVE PRIMARY SCHOOL,2    WOODLANDS DRIVE 14,738079,Woodlands MRT Station,WOODLANDS,NORTH,PRIMARY
WOODLANDS RING SECONDARY SCHOOL,10   WOODLANDS RING ROAD,738239,ADMIRALTY MRT,WOODLANDS,NORTH,SECONDARY
WOODLANDS RING PRIMARY SCHOOL,11   WOODLANDS RING ROAD,738240,Admiralty MRT Station,WOODLANDS,NORTH,PRIMARY
EVERGREEN SECONDARY SCHOOL,11   WOODLANDS STREET 83,738489,WOODLANDS MRT,WOODLANDS,NORTH,SECONDARY
RIVERSIDE SECONDARY SCHOOL,3    WOODLANDS STREET 81,738524,WOODLANDS MRT,WOODLANDS,NORTH,SECONDARY
QIHUA PRIMARY SCHOOL,5    WOODLANDS STREET 81,738525,Woodlands MRT Station,WOODLANDS,NORTH,PRIMARY
WOODLANDS PRIMARY SCHOOL,10   WOODLANDS DRIVE 50,738853,Woodlands,WOODLANDS,NORTH,PRIMARY
ADMIRALTY PRIMARY SCHOOL,11   WOODLANDS CIRCLE,738907,Admiralty Station,WOODLANDS,NORTH,PRIMARY
EVERGREEN PRIMARY SCHOOL,31   WOODLANDS CIRCLE,738908,Admiralty,WOODLANDS,NORTH,PRIMARY
MARSILING PRIMARY SCHOOL,31   WOODLANDS CENTRE ROAD,738927,Marsiling MRT Station,WOODLANDS,NORTH,PRIMARY
WOODGROVE SECONDARY SCHOOL,3    WOODLANDS AVENUE 6,738990,"WOODLANDS MRT, WOODLANDS SOUTH MRT",WOODLANDS,NORTH,SECONDARY
FUCHUN SECONDARY SCHOOL,21   WOODLANDS AVENUE 1,739062,"MARSILING MRT, WOODLANDS MRT",WOODLANDS,NORTH,SECONDARY
FUCHUN PRIMARY SCHOOL,23   WOODLANDS AVENUE 1,739063,Marsiling,WOODLANDS,NORTH,PRIMARY
SI LING PRIMARY SCHOOL,61   WOODLANDS AVENUE 1,739067,Woodlands,WOODLANDS,NORTH,PRIMARY
MARSILING SECONDARY SCHOOL,12   MARSILING ROAD,739110,MARSILING MRT,WOODLANDS,NORTH,SECONDARY
WOODLANDS SECONDARY SCHOOL,11   MARSILING ROAD,739111,"MARSILING MRT, WOODLANDS MRT",WOODLANDS,NORTH,SECONDARY
ENDEAVOUR PRIMARY SCHOOL,10   Admiralty Link,757521,Sembawang MRT Station,SEMBAWANG,NORTH,PRIMARY
NORTHOAKS PRIMARY SCHOOL,61   Sembawang Drive,757622,Sembawang MRT,SEMBAWANG,NORTH,PRIMARY
CANBERRA SECONDARY SCHOOL,51   SEMBAWANG DRIVE,757699,SEMBAWANG MRT,SEMBAWANG,NORTH,SECONDARY
WELLINGTON PRIMARY SCHOOL,10   WELLINGTON CIRCLE,757702,Sembawang MRT,SEMBAWANG,NORTH,PRIMARY
SEMBAWANG SECONDARY SCHOOL,30   SEMBAWANG CRESCENT,757704,SEMBAWANG MRT,SEMBAWANG,NORTH,SECONDARY
CANBERRA PRIMARY SCHOOL,21   ADMIRALTY DRIVE,757714,Sembawang MRT Station,SEMBAWANG,NORTH,PRIMARY
SEMBAWANG PRIMARY SCHOOL,10   SEMBAWANG DRIVE,757715,Sembawang MRT (6 to 8-minute walk),SEMBAWANG,NORTH,PRIMARY
ORCHID PARK SECONDARY SCHOOL,10   YISHUN STREET 81,768454,KHATIB MRT,YISHUN,NORTH,SECONDARY
JIEMIN PRIMARY SCHOOL,2    YISHUN STREET 71,768515,Yishun MRT Station,YISHUN,NORTH,PRIMARY
YISHUN SECONDARY SCHOOL,4    YISHUN STREET 71,768516,"YISHUN MRT, KHATIB MRT",YISHUN,NORTH,SECONDARY
CHUNG CHENG HIGH SCHOOL (YISHUN),11   YISHUN STREET 61,768547,KHATIB MRT,YISHUN,NORTH,SECONDARY
NORTHLAND SECONDARY SCHOOL,3    YISHUN STREET 22,768578,YISHUN MRT,YISHUN,NORTH,SECONDARY
YISHUN TOWN SECONDARY SCHOOL,6    YISHUN STREET 21,768610,YISHUN MRT,YISHUN,NORTH,SECONDARY
XISHAN PRIMARY SCHOOL,8    YISHUN STREET 21,768611,o   Alight at Yishun MRT Station o   Take Exit C o   Walk towards Yishun Street 21,YISHUN,NORTH,PRIMARY
AHMAD IBRAHIM PRIMARY SCHOOL,10   YISHUN STREET 11,768643,Yishun,YISHUN,NORTH,PRIMARY
YISHUN INNOVA JUNIOR COLLEGE,3    YISHUN RING ROAD,768675,"Yishun, Khatib",YISHUN,NORTH,JUNIOR COLLEGE
YISHUN PRIMARY SCHOOL,500  YISHUN RING ROAD,768679,Yishun,YISHUN,NORTH,PRIMARY
PEIYING PRIMARY SCHOOL,651  YISHUN RING ROAD,768687,Khatib,YISHUN,NORTH,PRIMARY
NAVAL BASE SECONDARY SCHOOL,901  YISHUN RING ROAD,768689,KHATIB MRT,YISHUN,NORTH,SECONDARY
NORTHBROOKS SECONDARY SCHOOL,585  YISHUN RING ROAD,768692,"YISHUN MRT, KHATIB MRT",YISHUN,NORTH,SECONDARY
HUAMIN PRIMARY SCHOOL,21   YISHUN AVENUE 11,768857,Yishun MRT Station,YISHUN,NORTH,PRIMARY
AHMAD IBRAHIM SECONDARY SCHOOL,751  YISHUN AVENUE 7,768928,"CANBERRA MRT, YISHUN MRT",YISHUN,NORTH,SECONDARY
CHONGFU SCHOOL,170  YISHUN AVENUE 6,768959,Yishun MRT station,YISHUN,NORTH,PRIMARY
NORTH VIEW PRIMARY SCHOOL,210  YISHUN AVENUE 6,768960,Yishun Khatib,YISHUN,NORTH,PRIMARY
NORTHLAND PRIMARY SCHOOL,15   YISHUN AVENUE 4,769026,Yishun MRT Station,YISHUN,NORTH,PRIMARY
NAVAL BASE PRIMARY SCHOOL,7    YISHUN AVE 4,769028,Yishun MRT Station,YISHUN,NORTH,PRIMARY
FERN GREEN PRIMARY SCHOOL,70   Fernvale Link,797538,Kupang LRT Station (SW3),SENG KANG,EAST,PRIMARY
SENGKANG GREEN PRIMARY SCHOOL,15   Fernvale Road,797636,Fernvale LRT (SW5) - (Sengkang West Loop),SENG KANG,EAST,PRIMARY
FERNVALE PRIMARY SCHOOL,1    Fernvale Lane,797701,Fernvale LRT (Sengkang West Loop),SENG KANG,NORTH,PRIMARY
PEI HWA SECONDARY SCHOOL,21   FERNVALE LINK,797702,"SENGKANG MRT, LAYAR LRT",SENG KANG,NORTH,SECONDARY
NORTHSHORE PRIMARY SCHOOL,30   Northshore Drive,828671,Puggol Point LRT Station,PUNGGOL,EAST,PRIMARY
PUNGGOL COVE PRIMARY SCHOOL,52   Sumang Walk,828674,Nibong LRT Station,PUNGGOL,EAST,PRIMARY
OASIS PRIMARY SCHOOL,71   Edgefield Plains,828716,Damai LRT Station,PUNGGOL,EAST,PRIMARY
VALOUR PRIMARY SCHOOL,49   Punggol Central,828728,na,PUNGGOL,EAST,PRIMARY
PUNGGOL GREEN PRIMARY SCHOOL,98   Punggol Walk,828772,Punggol MRT Station,PUNGGOL,EAST,PRIMARY
WATERWAY PRIMARY SCHOOL,70   Punggol Drive,828802,Kadaloor LRT Station,PUNGGOL,EAST,PRIMARY
EDGEFIELD SECONDARY SCHOOL,36   PUNGGOL FIELD,828814,PUNGGOL MRT,PUNGGOL,NORTH,SECONDARY
HORIZON PRIMARY SCHOOL,61   Edgedale Plains,828819,Punggol MRT Station (NE17)  (LRT: Kadaloor [PE5] or Oasis [PE6]),PUNGGOL,NORTH,PRIMARY
PUNGGOL VIEW PRIMARY SCHOOL,9    Punggol Place,828845,Punggol MRT Station,PUNGGOL,EAST,PRIMARY
GREENDALE PRIMARY SCHOOL,50   Edgedale Plains,828848,Punggol LRT:  Coral Edge,PUNGGOL,NORTH,PRIMARY
GREENDALE SECONDARY SCHOOL,51   EDGEDALE PLAINS,828866,"PUNGGOL MRT, MERIDIAN LRT",PUNGGOL,NORTH,SECONDARY
MEE TOH SCHOOL,21   EDGEDALE PLAINS,828867,Punggol Station,PUNGGOL,NORTH,PRIMARY
EDGEFIELD PRIMARY SCHOOL,41   EDGEFIELD PLAINS,828869,Punggol MRT,PUNGGOL,NORTH,PRIMARY
PUNGGOL SECONDARY SCHOOL,51   EDGEFIELD PLAINS,828870,"PUNGGOL MRT, COVE LRT",PUNGGOL,NORTH,SECONDARY
